{"stats":{"minecraft:killed":{"minecraft:sheep":2,"minecraft:skeleton":1,"minecraft:spider":1,"minecraft:chicken":2},"minecraft:picked_up":{"minecraft:feather":1,"minecraft:chicken":2,"minecraft:bone":1,"minecraft:gray_wool":1,"minecraft:mutton":2,"minecraft:dirt":48,"minecraft:white_wool":1,"minecraft:string":2,"minecraft:cobblestone":71},"minecraft:custom":{"minecraft:time_since_rest":10867,"minecraft:sprint_one_cm":30706,"minecraft:play_time":10867,"minecraft:walk_one_cm":20509,"minecraft:sneak_time":16,"minecraft:walk_under_water_one_cm":168,"minecraft:mob_kills":7,"minecraft:jump":248,"minecraft:damage_dealt":812,"minecraft:leave_game":5,"minecraft:walk_on_water_one_cm":200,"minecraft:time_since_death":10867,"minecraft:total_world_time":10867,"minecraft:swim_one_cm":420,"minecraft:fly_one_cm":203073},"minecraft:used":{"minecraft:tnt":172,"minecraft:grass_block":1,"minecraft:redstone_block":5}},"DataVersion":3465}