{"stats":{"minecraft:used":{"minecraft:tnt":172,"minecraft:grass_block":1,"minecraft:redstone_block":5},"minecraft:custom":{"minecraft:time_since_rest":9413,"minecraft:sprint_one_cm":27116,"minecraft:play_time":9413,"minecraft:walk_one_cm":16753,"minecraft:sneak_time":16,"minecraft:walk_under_water_one_cm":168,"minecraft:mob_kills":6,"minecraft:jump":227,"minecraft:damage_dealt":699,"minecraft:leave_game":4,"minecraft:walk_on_water_one_cm":200,"minecraft:time_since_death":9413,"minecraft:total_world_time":9413,"minecraft:swim_one_cm":420,"minecraft:fly_one_cm":177939},"minecraft:picked_up":{"minecraft:feather":1,"minecraft:bone":1,"minecraft:chicken":2,"minecraft:gray_wool":1,"minecraft:mutton":2,"minecraft:dirt":48,"minecraft:white_wool":1,"minecraft:string":2,"minecraft:cobblestone":71},"minecraft:killed":{"minecraft:sheep":2,"minecraft:skeleton":1,"minecraft:spider":1,"minecraft:chicken":2}},"DataVersion":3465}