{"stats":{"minecraft:killed":{"minecraft:cow":2},"minecraft:mined":{"minecraft:birch_log":1,"minecraft:grass":1},"minecraft:used":{"minecraft:birch_log":1,"minecraft:bee_spawn_egg":1,"minecraft:grass_block":2},"minecraft:picked_up":{"minecraft:beef":6,"minecraft:leather":1,"minecraft:birch_log":1},"minecraft:custom":{"minecraft:jump":126,"minecraft:time_since_rest":7857,"minecraft:damage_dealt":295,"minecraft:leave_game":1,"minecraft:sprint_one_cm":19021,"minecraft:play_time":7857,"minecraft:damage_taken":20,"minecraft:time_since_death":7857,"minecraft:walk_one_cm":5766,"minecraft:total_world_time":7857,"minecraft:mob_kills":2,"minecraft:fall_one_cm":1109,"minecraft:fly_one_cm":71053}},"DataVersion":3465}